Equipment,Wo Start Date,Wo Type Code,Code
E-8105A,1404/1/23,PM,B
E-8105B,1404/1/23,PM,B
E-8105C,1404/1/23,PM,B
E-8105D,1404/1/23,PM,B
E-8105E,1404/1/23,PM,B
E-8105F,1404/1/23,PM,B
E-8106A,1404/1/24,PM,B
E-8106B,1404/1/24,PM,B
E-8106C,1404/1/24,PM,B
E-8106D,1404/1/24,PM,B
E-8106E,1404/1/24,PM,B+C
E-8106F,1404/1/24,PM,B
E-8107A,1404/1/24,PM,B
E-8107B,1404/1/24,PM,B
E-8106F,1404/3/6,CM,C
E-8106E,1404/3/6,CM,C
E-8105E,1404/3/6,CM,C+E
E-8105B,1404/3/8,CM,C
E-8105D,1404/4/18,CM,C
E-8105A,1404/4/30,PM,B
E-8105B,1404/4/30,PM,B
E-8105C,1404/4/30,PM,B
E-8105D,1404/4/30,PM,B
E-8105E,1404/4/30,PM,B
E-8105F,1404/4/30,PM,B
E-8106A,1404/4/30,PM,B
E-8106B,1404/4/30,PM,B
E-8106C,1404/4/30,PM,B
E-8106D,1404/4/30,PM,B
E-8106E,1404/4/30,PM,B
E-8106F,1404/4/30,PM,B
E-8107A,1404/4/30,PM,B
E-8107B,1404/4/30,PM,B
E-8105E,1404/5/5,CM,G
E-8105F,1404/5/10,CM,C
E-8105D,1404/5/14,CM,C
E-8106F,1404/5/19,CM,C
E-8105E,1404/5/27,CM,C
E-8106F,1404/6/27,CM,C
E-8106C,1404/7/9,CM,C
E-8106C,1404/7/10,CM,C
E-8105A,1404/08/19,PM,B
E-8105B,1404/08/19,PM,B+D
E-8105C,1404/08/19,PM,B+D
E-8105D,1404/08/19,PM,B
E-8105E,1404/08/19,PM,B+C+D
E-8105F,1404/08/19,PM,B+C
E-8106A,1404/08/19,PM,B+C
E-8106B,1404/08/20,PM,B
E-8106C,1404/08/20,PM,B
E-8106D,1404/08/20,PM,B
E-8106E,1404/08/20,PM,B
E-8106F,1404/08/20,PM,B
E-8107A,1404/08/20,PM,B
E-8107B,1404/08/20,PM,B
E-8106E,1404/11/15,CM,C
E-8105A,1404/11/28,PM,A
E-8105B,1404/11/28,PM,A
E-8105C,1404/11/28,PM,A
E-8105D,1404/11/28,PM,A
E-8105E,1404/11/28,PM,A
E-8105F,1404/11/28,PM,A
E-8106A,1404/11/28,PM,A
E-8106B,1404/11/28,PM,A
E-8106C,1404/11/28,PM,A+C
E-8106D,1404/11/28,PM,A+C
E-8106E,1404/11/28,PM,A
E-8106F,1404/11/28,PM,A
E-8107A,1404/11/28,PM,A
E-8107B,1404/11/28,PM,A
E-8105F,1403/1/14,CM,C+E
E-8105A,1403/1/20,PM,A
E-8105B,1403/1/20,PM,A
E-8105C,1403/1/20,PM,A+C
E-8105D,1403/1/20,PM,A
E-8105E,1403/1/20,PM,A
E-8105F,1403/1/20,PM,A
E-8106A,1403/1/30,PM,A
E-8106B,1403/1/30,PM,A
E-8106C,1403/1/30,PM,A
E-8106D,1403/1/30,PM,A
E-8106E,1403/1/30,PM,A
E-8106F,1403/1/30,PM,A
E-8107A,1403/1/30,PM,A
E-8107B,1403/1/30,PM,A
E-8106E,1403/3/9,CM,G
E-8105E,1403/3/11,CM,C
E-8106E,1403/3/19,CM,C
E-8106A,1403/3/20,CM,C
E-8105F,1403/3/29,CM,C
E-8105A,1403/4/5,CM,C
E-8105E,1403/4/9,CM,C+E
E-8105D,1403/4/15,CM,C
E-8105F,1403/4/24,CM,C
E-8106F,1403/5/2,CM,C
E-8105D,1403/5/16,CM,C
E-8106A,1403/5/20,CM,C
E-8105A,1403/6/11,PM,B+C
E-8105B,1403/6/11,PM,B
E-8105C,1403/6/11,PM,B+C
E-8105D,1403/6/11,PM,B+D
E-8105E,1403/6/11,PM,B
E-8105F,1403/6/11,PM,B+D
E-8106A,1403/6/15,PM,B
E-8106B,1403/6/15,PM,B
E-8106C,1403/6/15,PM,B+D
E-8106D,1403/6/15,PM,B
E-8106E,1403/6/15,PM,B
E-8106F,1403/6/15,PM,B
E-8107A,1403/6/15,PM,B
E-8107B,1403/6/15,PM,B
E-8107A,1403/6/18,CM,G
E-8105B,1403/8/10,CM,C
E-8106C,1403/10/2,CM,C
E-8106C,1403/10/12,CM,C
E-8105A,1403/10/17,PM,A
E-8105B,1403/10/17,PM,A+C
E-8105C,1403/10/17,PM,A
E-8105D,1403/10/17,PM,A
E-8105E,1403/10/17,PM,A
E-8105F,1403/10/17,PM,A
E-8106A,1403/10/17,PM,A
E-8106B,1403/10/17,PM,A
E-8106C,1403/10/17,PM,A+C
E-8106D,1403/10/17,PM,A
E-8106E,1403/10/17,PM,A
E-8106F,1403/10/17,PM,A
E-8107A,1403/10/17,PM,A+C
E-8107B,1403/10/17,PM,A
E-8106A,1403/11/20,CM,4*D
E-8106A,1402/2/13,CM,M
E-8106D,1402/2/16,CM,G
E-8106A,1402/03/10,CM,G
E-8106B,1402/03/10,CM,G
E-8105E,1402/4/4,CM,C+D
E-8105A,1402/04/10,PM,B
E-8105B,1402/04/10,PM,B
E-8105C,1402/04/10,PM,B
E-8105D,1402/04/10,PM,B
E-8105E,1402/04/10,PM,B
E-8105F,1402/04/10,PM,B
E-8106A,1402/04/10,PM,B
E-8106B,1402/04/10,PM,B
E-8106C,1402/04/10,PM,B
E-8106D,1402/04/10,PM,B
E-8106E,1402/04/10,PM,B
E-8106F,1402/04/10,PM,B
E-8107A,1402/04/10,PM,B
E-8107B,1402/04/10,PM,B
E-8106F,1402/04/26,CM,G
E-8105F,1402/5/1,CM,C
E-8105E,1402/05/17,CM,C
E-8106C,1402/5/30,CM,H
E-8105A,1402/6/8,CM,C
E-8105C,1402/06/15,CM,C
E-8106C,1402/06/15,CM,C
E-8105F,1402/06/17,CM,C
E-8105C,1402/6/27,CM,C
E-8106C,1402/07/08,CM,C
E-8106A,1402/07/19,CM,C
E-8106F,1402/7/22,CM,C
E-8106A,1402/7/23,CM,C+N
E-8105A,1402/08/13,PM,A
E-8105B,1402/08/13,PM,A
E-8105C,1402/08/13,PM,A
E-8105D,1402/08/13,PM,A
E-8105E,1402/08/13,PM,A+C
E-8105F,1402/08/13,PM,A
E-8106A,1402/08/13,PM,A+D
E-8106B,1402/08/13,PM,A
E-8106C,1402/08/13,PM,A
E-8106D,1402/08/13,PM,A
E-8106E,1402/08/13,PM,A
E-8106F,1402/08/13,PM,A
E-8107A,1402/08/13,PM,A
E-8107B,1402/08/13,PM,A
E-8106C,1402/9/1,CM,C
E-8105D,1402/9/6,CM,C
E-8106B,1402/09/19,CM,C
E-8105E,1402/10/4,CM,C
E-8106F,1402/10/17,CM,C
E-8105B,1402/10/20,CM,C
E-8105F,1402/10/28,CM,C
E-8107B,1402/11/17,CM,C
E-8107A,1402/11/17,CM,H
E-8106D,1401/1/14,CM,G
E-8105C,1401/1/25,CM,C
E-8106F,1401/3/22,CM,G
E-8106E,1401/3/22,CM,G
E-8106C,1401/3/23,CM,G
E-8106D,1401/3/23,CM,G
E-8105A,1401/4/6,PM,B
E-8105B,1401/4/6,PM,B
E-8105C,1401/4/6,PM,B
E-8105D,1401/4/6,PM,B
E-8105E,1401/4/6,PM,B
E-8105F,1401/4/6,PM,B
E-8106A,1401/4/6,PM,B
E-8106B,1401/4/6,PM,B
E-8106C,1401/4/6,PM,B
E-8106D,1401/4/6,PM,B
E-8106E,1401/4/6,PM,B
E-8106F,1401/4/6,PM,B
E-8107A,1401/4/6,PM,B
E-8107B,1401/4/6,PM,B
E-8105A,1401/5/13,CM,C
E-8105E,1401/05/22,CM,C
E-8105E,1401/05/24,CM,C
E-8105D,1401/5/29,CM,C
E-8105D,1401/6/1,CM,C
E-8105B,1401/6/3,CM,C
E-8105D,1401/6/3,CM,C
E-8106E,1401/6/8,CM,C
E-8105C,1401/6/19,CM,N
E-8105C,1401/6/27,CM,C
E-8106E,1401/6/27,CM,C
E-8105A,1401/8/3,PM,A+C
E-8105B,1401/8/3,PM,A
E-8105C,1401/8/3,PM,A
E-8105D,1401/8/3,PM,A
E-8105E,1401/8/3,PM,A
E-8105F,1401/8/3,PM,A
E-8106A,1401/8/3,PM,A
E-8106B,1401/8/3,PM,A
E-8106C,1401/8/3,PM,A
E-8106D,1401/8/3,PM,A
E-8106E,1401/8/3,PM,A
E-8106F,1401/8/3,PM,A
E-8107A,1401/8/3,PM,A
E-8107B,1401/8/3,PM,A
E-8107A,1401/8/19,CM,G
E-8106E,1401/8/21,CM,M
E-8105F,1401/9/21,CM,H
E-8106F,1401/9/22,CM,G
E-8105B,1401/10/7,CM,H
E-8105B,1401/10/18,CM,M
E-8105A,1401/10/24,CM,C+G
E-8105A,1401/12/4,PM,B
E-8105B,1401/12/4,PM,B
E-8105C,1401/12/4,PM,B
E-8105D,1401/12/4,PM,B
E-8105E,1401/12/4,PM,B
E-8105F,1401/12/4,PM,B
E-8106A,1401/12/4,PM,B
E-8106B,1401/12/4,PM,B
E-8106C,1401/12/4,PM,B
E-8106D,1401/12/4,PM,B
E-8106E,1401/12/4,PM,B
E-8106F,1401/12/4,PM,B
E-8107A,1401/12/4,PM,B
E-8107B,1401/12/4,PM,B
E-8106D,1401/12/6,CM,G+D
E-8105D,1400/1/11,CM,F
E-8105A,1400/1/21,PM,B
E-8105B,1400/1/21,PM,B
E-8105C,1400/1/21,PM,B
E-8105D,1400/1/21,PM,B
E-8105E,1400/1/21,PM,B
E-8105F,1400/1/21,PM,B
E-8106A,1400/1/21,PM,B
E-8106B,1400/1/21,PM,B
E-8106C,1400/1/21,PM,B
E-8106D,1400/1/21,PM,B
E-8106E,1400/1/21,PM,B
E-8106F,1400/1/21,PM,B
E-8107A,1400/1/21,PM,B
E-8107B,1400/1/21,PM,B
E-8107B,1400/2/22,CM,C
E-8105F,1400/2/23,CM,C+E
E-8106E,1400/2/26,CM,C
E-8106A,1400/3/16,CM,C
E-8106E,1400/3/19,CM,C
E-8105A,1400/4/7,CM,C
E-8105F,1400/4/12,CM,C
E-8105A,1400/4/13,PM,A
E-8105B,1400/4/13,PM,A
E-8105C,1400/4/13,PM,A
E-8105D,1400/4/13,PM,A
E-8105E,1400/4/13,PM,A
E-8105F,1400/4/13,PM,A
E-8106A,1400/4/13,PM,A
E-8106B,1400/4/13,PM,A
E-8106C,1400/4/13,PM,A
E-8106D,1400/4/13,PM,A
E-8106E,1400/4/13,PM,A
E-8106F,1400/4/13,PM,A
E-8107A,1400/4/13,PM,A
E-8107B,1400/4/13,PM,A
E-8106D,1400/6/3,CM,G
E-8105A,1400/6/14,PM,B
E-8105B,1400/6/14,PM,B
E-8105C,1400/6/14,PM,B
E-8105D,1400/6/14,PM,B
E-8105E,1400/6/14,PM,B
E-8105F,1400/6/14,PM,B
E-8106A,1400/6/14,PM,B+D
E-8106B,1400/6/14,PM,B
E-8106C,1400/6/14,PM,B+D
E-8106D,1400/6/14,PM,B
E-8106E,1400/6/14,PM,B
E-8106F,1400/6/14,PM,B
E-8107A,1400/6/14,PM,B
E-8107B,1400/6/14,PM,B
E-8106B,1400/7/8,CM,G
E-8106F,1400/8/5,CM,C
E-8105A,1400/8/19,PM,B
E-8105B,1400/8/19,PM,B
E-8105C,1400/8/19,PM,B
E-8105D,1400/8/19,PM,B
E-8105E,1400/8/19,PM,B
E-8105F,1400/8/19,PM,B
E-8106A,1400/8/19,PM,B
E-8106B,1400/8/19,PM,B
E-8106C,1400/8/19,PM,B+C+D
E-8106D,1400/8/19,PM,B
E-8106E,1400/8/19,PM,B
E-8106F,1400/8/19,PM,B
E-8107A,1400/8/19,PM,B
E-8107B,1400/8/19,PM,B
E-8105F,1400/9/16,CM,C
E-8105F,1400/10/1,CM,C
E-8107A,1400/10/1,CM,C
E-8105F,1400/10/5,CM,C
E-8105D,1400/10/19,CM,C
E-8105D,1400/10/22,CM,C
E-8107B,1400/10/26,CM,G
E-8105A,1400/10/26,PM,A
E-8105B,1400/10/26,PM,A
E-8105C,1400/10/26,PM,A
E-8105D,1400/10/26,PM,A
E-8105E,1400/10/26,PM,A
E-8105F,1400/10/26,PM,A
E-8106A,1400/10/26,PM,A
E-8106B,1400/10/26,PM,A
E-8106C,1400/10/26,PM,A
E-8106D,1400/10/26,PM,A
E-8106E,1400/10/26,PM,A+D
E-8106F,1400/10/26,PM,A
E-8107A,1400/10/26,PM,A
E-8107B,1400/10/26,PM,A
E-8107B,1400/10/27,CM,C
E-8105E,1400/11/26,CM,C
E-8106D,1400/12/8,CM,G
E-8105A,1400/12/15,PM,B
E-8105B,1400/12/15,PM,B
E-8105C,1400/12/15,PM,B
E-8105D,1400/12/15,PM,B
E-8105E,1400/12/15,PM,B
E-8105F,1400/12/15,PM,B
E-8106A,1400/12/15,PM,B
E-8106B,1400/12/15,PM,B
E-8106C,1400/12/15,PM,B
E-8106D,1400/12/15,PM,B+D
E-8106E,1400/12/15,PM,B+C
E-8106F,1400/12/15,PM,B
E-8107A,1400/12/15,PM,B
E-8107B,1400/12/15,PM,B
E-8105E,1400/12/21,CM,C
E-8105E,1400/12/24,CM,C
E-8105E,1400/12/25,CM,C
E-8105C,1399/1/14,CM,C
E-8106B,1399/1/14,CM,C
E-8106A,1399/1/20,CM,G
E-8105A,1399/1/24,CM,M
E-8105A,1399/2/3,PM,B
E-8105B,1399/2/3,PM,B
E-8105C,1399/2/3,PM,B
E-8105D,1399/2/3,PM,B
E-8105E,1399/2/3,PM,B
E-8105F,1399/2/3,PM,B
E-8106A,1399/2/3,PM,B
E-8106B,1399/2/3,PM,B
E-8106C,1399/2/3,PM,B
E-8106D,1399/2/3,PM,B
E-8106E,1399/2/3,PM,B
E-8106F,1399/2/3,PM,B
E-8107A,1399/2/3,PM,B
E-8107B,1399/2/3,PM,B
E-8106A,1399/2/10,CM,C
E-8105A,1399/3/31,CM,G
E-8105C,1399/5/1,CM,C
E-8106B,1399/5/11,CM,H
E-8107B,1399/5/30,CM,N
E-8105E,1399/6/5,CM,G
E-8105A,1399/6/13,PM,B
E-8105B,1399/6/13,PM,B
E-8105C,1399/6/13,PM,B
E-8105D,1399/6/13,PM,B
E-8105E,1399/6/13,PM,B
E-8105F,1399/6/13,PM,B
E-8106A,1399/6/13,PM,B+C
E-8106B,1399/6/13,PM,B
E-8106C,1399/6/13,PM,B
E-8106D,1399/6/13,PM,B
E-8106E,1399/6/13,PM,B+C
E-8106F,1399/6/13,PM,B
E-8107A,1399/6/13,PM,B
E-8107B,1399/6/13,PM,B
E-8106D,1399/8/3,CM,6D
E-8107A,1399/9/17,CM,C
E-8105D,1399/9/29,CM,C
E-8106C,1399/9/29,CM,H
E-8105B,1399/10/18,CM,C
E-8105B,1399/10/21,CM,C
E-8105A,1399/11/14,PM,B+D
E-8105B,1399/11/14,PM,B+D
E-8105C,1399/11/14,PM,B
E-8105D,1399/11/14,PM,B
E-8105E,1399/11/14,PM,B
E-8105F,1399/11/14,PM,B+D
E-8106A,1399/11/14,PM,B+D
E-8106B,1399/11/14,PM,B
E-8106C,1399/11/14,PM,B+D
E-8106D,1399/11/14,PM,B
E-8106E,1399/11/14,PM,B
E-8106F,1399/11/14,PM,B
E-8107A,1399/11/14,PM,B
E-8107B,1399/11/14,PM,B
E-8105A,1398/1/25,PM,B
E-8105B,1398/1/25,PM,B
E-8105C,1398/1/25,PM,B
E-8105D,1398/1/25,PM,B
E-8105E,1398/1/25,PM,B
E-8105F,1398/1/25,PM,B
E-8106A,1398/1/25,PM,B
E-8106B,1398/1/25,PM,B
E-8106C,1398/1/25,PM,B
E-8106D,1398/1/25,PM,B
E-8106E,1398/1/25,PM,B
E-8106F,1398/1/25,PM,B
E-8107A,1398/1/25,PM,B
E-8107B,1398/1/25,PM,B
E-8105D,1398/3/11,CM,C
E-8105A,1398/4/9,PM,A
E-8105B,1398/4/9,PM,A
E-8105C,1398/4/9,PM,A
E-8105D,1398/4/9,PM,A
E-8105E,1398/4/9,PM,A
E-8105F,1398/4/9,PM,A+D
E-8106A,1398/4/9,PM,A+D
E-8106B,1398/4/9,PM,A
E-8106C,1398/4/9,PM,A
E-8106D,1398/4/9,PM,A+C
E-8106E,1398/4/9,PM,A
E-8106F,1398/4/9,PM,A
E-8107A,1398/4/9,PM,A
E-8107B,1398/4/9,PM,A
E-8105A,1398/5/21,PM,B
E-8105B,1398/5/21,PM,B
E-8105C,1398/5/21,PM,B
E-8105D,1398/5/21,PM,B
E-8105E,1398/5/21,PM,B
E-8105F,1398/5/21,PM,B
E-8106A,1398/5/21,PM,B
E-8106B,1398/5/21,PM,B
E-8106C,1398/5/21,PM,B
E-8106D,1398/5/21,PM,B
E-8106E,1398/5/21,PM,B
E-8106F,1398/5/21,PM,B
E-8107A,1398/5/21,PM,B
E-8107B,1398/5/21,PM,B
E-8105F,1398/5/26,CM,C+E
E-8105F,1398/7/7,CM,C
E-8106C,1398/9/16,CM,C
E-8107A,1398/9/20,CM,C
E-8105A,1398/9/23,PM,B
E-8105B,1398/9/23,PM,B
E-8105C,1398/9/23,PM,B
E-8105D,1398/9/23,PM,B
E-8105E,1398/9/23,PM,B
E-8105F,1398/9/23,PM,B
E-8106A,1398/9/23,PM,B
E-8106B,1398/9/23,PM,B
E-8106C,1398/9/23,PM,B
E-8106D,1398/9/23,PM,B
E-8106E,1398/9/23,PM,B
E-8106F,1398/9/23,PM,B
E-8107A,1398/9/23,PM,B
E-8107B,1398/10/23,PM,B
E-8105E,1398/10/23,CM,C
E-8106A,1398/11/2,CM,H
E-8105D,1398/11/2,CM,C
E-8106F,1398/11/25,CM,C
E-8106D,1398/11/10,CM,G
